{
  "hash": "b6aee794",
  "browserHash": "58f98051",
  "optimized": {
    "@angular/common": {
      "src": "../../../../../node_modules/@angular/common/fesm2022/common.mjs",
      "file": "@angular_common.js",
      "fileHash": "fe747ba3",
      "needsInterop": false
    },
    "@angular/common/http": {
      "src": "../../../../../node_modules/@angular/common/fesm2022/http.mjs",
      "file": "@angular_common_http.js",
      "fileHash": "94c46e43",
      "needsInterop": false
    },
    "@angular/core": {
      "src": "../../../../../node_modules/@angular/core/fesm2022/core.mjs",
      "file": "@angular_core.js",
      "fileHash": "4ac772c0",
      "needsInterop": false
    },
    "@angular/platform-browser": {
      "src": "../../../../../node_modules/@angular/platform-browser/fesm2022/platform-browser.mjs",
      "file": "@angular_platform-browser.js",
      "fileHash": "5b36dc20",
      "needsInterop": false
    },
    "@angular/router": {
      "src": "../../../../../node_modules/@angular/router/fesm2022/router.mjs",
      "file": "@angular_router.js",
      "fileHash": "cd100c04",
      "needsInterop": false
    }
  },
  "chunks": {
    "chunk-Z36FK3UJ": {
      "file": "chunk-Z36FK3UJ.js"
    },
    "chunk-5X36FXRV": {
      "file": "chunk-5X36FXRV.js"
    },
    "chunk-VGJFGOGV": {
      "file": "chunk-VGJFGOGV.js"
    },
    "chunk-YVFDKDCQ": {
      "file": "chunk-YVFDKDCQ.js"
    }
  }
}